mean_fit_time,std_fit_time,mean_score_time,std_score_time,param_subsample,param_min_child_weight,param_max_depth,param_gamma,param_colsample_bytree,params,split0_test_score,split1_test_score,split2_test_score,split3_test_score,split4_test_score,split5_test_score,split6_test_score,split7_test_score,split8_test_score,split9_test_score,mean_test_score,std_test_score,rank_test_score
4.445501828193665,3.2991330148168645,0.05382983684539795,0.013442178989707709,0.8,10,4,1.5,0.6,"{'subsample': 0.8, 'min_child_weight': 10, 'max_depth': 4, 'gamma': 1.5, 'colsample_bytree': 0.6}",0.7056530214424952,0.7670565302144249,0.7290448343079923,0.7446393762183235,0.7855750487329435,0.7729044834307992,0.8411306042884991,0.8391812865497077,0.7495126705653021,0.7699805068226121,0.7704678362573099,0.04121147689804448,1
9.229143643379212,8.39209465481939,0.05564215183258057,0.030472343151186285,1.0,1,3,2,0.8,"{'subsample': 1.0, 'min_child_weight': 1, 'max_depth': 3, 'gamma': 2, 'colsample_bytree': 0.8}",0.6549707602339181,0.7826510721247564,0.7358674463937622,0.7348927875243666,0.7124756335282652,0.7826510721247564,0.797270955165692,0.8167641325536064,0.7495126705653021,0.7992202729044834,0.7566276803118909,0.0465557518907703,4
5.69214243888855,3.309788616973836,0.06183803081512451,0.023976675543422973,0.8,10,3,5,1.0,"{'subsample': 0.8, 'min_child_weight': 10, 'max_depth': 3, 'gamma': 5, 'colsample_bytree': 1.0}",0.6871345029239766,0.7602339181286549,0.7144249512670566,0.7290448343079923,0.7729044834307992,0.7777777777777778,0.7641325536062379,0.8128654970760233,0.7290448343079922,0.736842105263158,0.748440545808967,0.03434742661002184,5
11.0363534450531,7.726382475367776,0.05617508888244629,0.023097523633186744,0.6,10,3,1,0.6,"{'subsample': 0.6, 'min_child_weight': 10, 'max_depth': 3, 'gamma': 1, 'colsample_bytree': 0.6}",0.6900584795321638,0.773879142300195,0.6949317738791423,0.7300194931773879,0.7982456140350878,0.7797270955165693,0.8401559454191033,0.8148148148148148,0.7524366471734892,0.7417153996101365,0.7615984405458089,0.04675965922829362,2
1.987237524986267,0.8883465629622792,0.04379525184631348,0.024502010623604187,0.6,10,4,1,0.6,"{'subsample': 0.6, 'min_child_weight': 10, 'max_depth': 4, 'gamma': 1, 'colsample_bytree': 0.6}",0.6822612085769981,0.7680311890838207,0.6929824561403508,0.7280701754385965,0.7962962962962963,0.7855750487329434,0.8391812865497077,0.8216374269005847,0.7417153996101365,0.7465886939571151,0.7602339181286549,0.04916571967632292,3
